{"cameraMode":{"drawMode":0,"name":"Shaded","section":"Shading Mode"},"sceneLighting":true,"audioPlay":false,"sceneViewState":{"showFog":true,"showMaterialUpdate":false,"showSkybox":true,"showFlares":true,"showImageEffects":true,"showParticleSystems":true},"in2DMode":false,"pivot":{"x":-1.5316839218139649,"y":0.502845287322998,"z":0.817293643951416},"rotation":{"x":-0.15565714240074159,"y":0.5935848951339722,"z":-0.11835643649101258,"w":-0.780664324760437},"size":8.726588249206543,"orthographic":false}